연도,행정구역,연앙인구수(명),연앙인구수(천명),지역내총생산,재정자립도(%),통계방식변경,전체산업사업체수,전체산업종사자수,제조업종사자수,상용월평균급여(원),학교수,문화기반시설수,문화예술활동(건),19세,20~24세,25~29세,30~34세,35~39세
2015,강원특별자치도,1533360.0,1533.36,41872021.0,21.45,0.0,133517.0,580331.0,56047.0,2884859.0,19.0,206.0,1151.0,21687.0,104816.0,76777.0,85868.0,95961.0
2015,경기도,12337489.0,12337.489,404868209.0,60.72,0.0,827983.0,4650266.0,1260761.0,3193960.0,78.0,492.0,3815.0,157674.0,804648.0,731217.0,904071.0,993964.0
2015,경상남도,3336798.5,3336.7985,109028154.0,37.43,0.0,262947.0,1365595.0,444673.0,3140398.0,24.0,190.0,1801.0,38635.0,194204.0,168655.0,221650.0,243328.0
2015,경상북도,2684089.5,2684.0895,109563894.0,24.26,0.0,218795.0,1066259.0,328305.0,3186263.0,39.0,196.0,1021.0,35122.0,162946.0,136521.0,163734.0,172486.0
2015,광주광역시,1465091.0,1465.091,37243072.0,44.21,0.0,113424.0,559853.0,82540.0,2916828.0,18.0,56.0,1168.0,23947.0,114226.0,89544.0,107109.0,115620.0
2015,대구광역시,2471181.5,2471.1815,56003260.0,46.87,0.0,200069.0,895517.0,178781.0,2678424.0,13.0,72.0,1924.0,35472.0,175680.0,141245.0,159794.0,175062.0
2015,대전광역시,1514389.5,1514.3895,37893020.0,49.34,0.0,111815.0,586069.0,61558.0,3170752.0,20.0,56.0,991.0,27403.0,124959.0,99506.0,109626.0,115499.0
2015,부산광역시,3478811.5,3478.8115,88748972.0,50.99,0.0,278850.0,1371843.0,227632.0,2916010.0,24.0,87.0,2470.0,48246.0,241138.0,203729.0,232762.0,240788.0
2015,서울특별시,9907155.0,9907.155,386818107.0,80.29,0.0,820658.0,5108828.0,293173.0,3708005.0,90.0,356.0,12465.0,121531.0,681199.0,722350.0,823935.0,767625.0
2015,세종특별자치시,182610.0,182.61,9958014.0,43.96,0.0,10480.0,83764.0,18675.0,3228930.2,3.0,12.0,54.0,3295.0,13861.0,11199.0,16583.0,19641.0
2015,울산광역시,1163345.5,1163.3455,76116207.0,63.55,0.0,80805.0,519516.0,186809.0,4230294.0,6.0,39.0,887.0,13568.0,76771.0,69937.0,86497.0,90522.0
2015,인천광역시,2886542.0,2886.542,81805340.0,59.15,0.0,186011.0,984652.0,245240.0,3025075.0,10.0,97.0,1084.0,36518.0,195760.0,180149.0,215364.0,225552.0
2015,전국,50951719.0,50951.719,,,,,,,,,,,671216.0,3385936.0,3027896.0,3611034.0,3783589.0
2015,전라남도,1894202.5,1894.2025,73361198.0,17.82,0.0,147196.0,690853.0,120633.0,3380798.0,19.0,181.0,799.0,19681.0,93986.0,75927.0,98162.0,110192.0
2015,전북특별자치도,1858351.5,1858.3515,49231041.0,22.14,0.0,146652.0,669128.0,122344.0,3017224.0,22.0,149.0,1422.0,25993.0,121426.0,91510.0,104691.0,117846.0
2015,제주특별자치도,611337.5,611.3375,18142055.0,30.28,0.0,55155.0,250000.0,11721.0,2454580.0,4.0,126.0,688.0,7078.0,36154.0,29254.0,38545.0,43342.0
2015,충청남도,2055843.0,2055.843,104232835.0,30.4,0.0,158306.0,858311.0,276581.0,3364751.0,25.0,154.0,732.0,30617.0,135706.0,113629.0,140662.0,148381.0
2015,충청북도,1571121.5,1571.1215,58256451.0,28.14,0.0,121493.0,648454.0,186786.0,3021378.0,17.0,126.0,631.0,24749.0,108456.0,86747.0,101981.0,107780.0
2016,강원특별자치도,1536275.0,1536.275,44677444.0,22.4,0.0,136452.0,596710.0,57365.0,3023906.0,19.0,211.0,1444.0,21214.0,105907.0,78496.0,81620.0,96444.0
2016,경기도,12509483.5,12509.4835,433443961.0,61.61,0.0,856162.0,4802589.0,1276105.0,3328379.0,78.0,504.0,3925.0,154492.0,813226.0,756646.0,863963.0,1019400.0
2016,경상남도,3348251.5,3348.2515,113497638.0,36.61,0.0,268902.0,1379041.0,433488.0,3257296.0,24.0,193.0,1689.0,36428.0,195198.0,169649.0,207206.0,247969.0
2016,경상북도,2683477.5,2683.4775,112216094.0,26.1,0.0,222536.0,1086638.0,328962.0,3326347.0,39.0,195.0,1035.0,34173.0,164667.0,135395.0,153786.0,175114.0
2016,광주광역시,1461531.0,1461.531,39427386.0,46.68,0.0,116046.0,585486.0,85157.0,2994355.0,18.0,57.0,1284.0,23033.0,114951.0,88844.0,99729.0,115222.0
2016,대구광역시,2466465.0,2466.465,57550511.0,50.59,0.0,205318.0,929078.0,179927.0,2757051.0,13.0,73.0,2165.0,33647.0,174130.0,143280.0,150002.0,176247.0
2016,대전광역시,1505374.0,1505.374,40347343.0,50.33,0.0,113228.0,597011.0,61352.0,3320492.0,20.0,57.0,998.0,26639.0,125729.0,101112.0,103764.0,115923.0
2016,부산광역시,3467418.0,3467.418,92379867.0,50.91,0.0,283554.0,1408615.0,224025.0,2963654.0,24.0,97.0,2590.0,45287.0,237733.0,204407.0,216764.0,248134.0
2016,서울특별시,9811038.5,9811.0385,407074525.0,80.66,0.0,820156.0,5079451.0,278773.0,3833370.0,89.0,365.0,12350.0,117053.0,673957.0,720334.0,772614.0,773379.0
2016,세종특별자치시,225992.0,225.992,10962552.0,44.19,0.0,11853.0,90672.0,18677.0,3378458.9,3.0,13.0,119.0,3622.0,16686.0,13914.0,19155.0,24347.0
2016,울산광역시,1166314.5,1166.3145,75839539.0,62.33,0.0,82948.0,523344.0,180111.0,4289094.0,6.0,40.0,705.0,13057.0,75870.0,71351.0,81222.0,93186.0
2016,인천광역시,2905551.5,2905.5515,86826282.0,62.51,0.0,191566.0,1004747.0,248950.0,3148933.0,10.0,96.0,1003.0,35295.0,194664.0,184813.0,203756.0,232443.0
2016,전국,51112971.5,51112.9715,,,,,,,,,,,650486.0,3400634.0,3068970.0,3415599.0,3852007.0
2016,전라남도,1893147.0,1893.147,76379384.0,19.27,0.0,149713.0,694319.0,115015.0,3463847.0,19.0,191.0,1037.0,19014.0,95427.0,76435.0,93402.0,110555.0
2016,전북특별자치도,1854771.5,1854.7715,50102714.0,23.6,0.0,147502.0,675943.0,118968.0,3098814.0,22.0,156.0,1478.0,25407.0,123315.0,91187.0,98994.0,117433.0
2016,제주특별자치도,628019.0,628.019,20020100.0,31.52,0.0,57791.0,258188.0,11634.0,2564480.0,4.0,125.0,855.0,6899.0,36593.0,30793.0,37191.0,45511.0
2016,충청남도,2072713.0,2072.713,110329172.0,33.53,0.0,161608.0,879981.0,284596.0,3523261.0,25.0,158.0,951.0,30929.0,139392.0,114044.0,134323.0,152285.0
2016,충청북도,1577149.0,1577.149,63793617.0,28.76,0.0,124834.0,667313.0,194233.0,3184410.0,17.0,126.0,688.0,24297.0,113189.0,88270.0,98108.0,108415.0
2017,강원특별자치도,1536689.0,1536.689,47451175.0,24.06,0.0,140058.0,616250.0,58955.0,3106416.0,19.0,218.0,1567.0,20308.0,103149.0,81027.0,76594.0,96458.0
2017,경기도,12681347.5,12681.3475,474938853.0,61.33,0.0,878275.0,4953790.0,1300516.0,3433070.0,79.0,526.0,4025.0,150706.0,810977.0,796839.0,824632.0,1041924.0
2017,경상남도,3356330.0,3356.33,113483841.0,38.65,0.0,274490.0,1378742.0,423853.0,3320841.0,24.0,197.0,1849.0,34740.0,191438.0,171338.0,192691.0,252281.0
2017,경상북도,2678112.0,2678.112,115044741.0,26.21,0.0,226079.0,1096368.0,324059.0,3406713.0,39.0,198.0,1163.0,32513.0,161828.0,134837.0,143193.0,176668.0
2017,광주광역시,1457271.0,1457.271,41047259.0,44.76,0.0,118409.0,600938.0,86364.0,3101641.0,18.0,61.0,1429.0,22350.0,114650.0,91856.0,91459.0,115375.0
2017,대구광역시,2460368.5,2460.3685,59404957.0,49.91,0.0,209376.0,943170.0,179147.0,2846290.0,13.0,74.0,2179.0,31252.0,170185.0,148739.0,140523.0,176914.0
2017,대전광역시,1497290.0,1497.29,41679606.0,50.88,0.0,115423.0,605742.0,61370.0,3406810.0,20.0,55.0,1227.0,25482.0,124742.0,104070.0,97389.0,115339.0
2017,부산광역시,3445833.0,3445.833,93177783.0,52.87,0.0,286571.0,1424317.0,219037.0,3064665.0,24.0,103.0,2745.0,43258.0,231153.0,209493.0,200554.0,249880.0
2017,서울특별시,9724400.5,9724.4005,427092668.0,80.49,0.0,822863.0,5119913.0,277920.0,3942278.0,88.0,386.0,13217.0,112538.0,661569.0,735323.0,727683.0,777632.0
2017,세종특별자치시,260542.0,260.542,11938796.0,57.98,0.0,13668.0,99827.0,19107.0,3448580.8,3.0,14.0,120.0,3772.0,17536.0,15724.0,20674.0,28716.0
2017,울산광역시,1162347.0,1162.347,77390966.0,60.23,0.0,83872.0,521482.0,177427.0,4241425.0,6.0,41.0,796.0,11882.0,73591.0,71788.0,74938.0,94144.0
2017,인천광역시,2916646.0,2916.646,91217759.0,60.53,0.0,196705.0,1034344.0,250329.0,3231748.0,10.0,101.0,1590.0,33665.0,190964.0,192289.0,191132.0,235463.0
2017,전국,51230704.0,51230.704,,,,,,,,,,,624583.0,3355986.0,3164039.0,3216057.0,3904372.0
2017,전라남도,1887213.0,1887.213,78232007.0,20.01,0.0,153280.0,707972.0,114092.0,3549854.0,19.0,200.0,1138.0,17903.0,93977.0,76918.0,86282.0,111710.0
2017,전북특별자치도,1847460.5,1847.4605,52196096.0,22.28,0.0,148269.0,681638.0,117665.0,3195239.0,22.0,161.0,1583.0,24380.0,122021.0,92330.0,91748.0,116625.0
2017,제주특별자치도,644056.5,644.0565,21672308.0,33.68,0.0,60063.0,262747.0,11672.0,2649364.0,4.0,126.0,867.0,6597.0,37261.0,33070.0,35888.0,47747.0
2017,충청남도,2092354.0,2092.354,120242248.0,34.34,0.0,166247.0,897794.0,284336.0,3594988.0,25.0,160.0,1026.0,30469.0,138349.0,117722.0,128521.0,157072.0
2017,충청북도,1582443.5,1582.4435,69598516.0,30.05,0.0,126224.0,681870.0,198137.0,3304307.0,17.0,128.0,706.0,22768.0,112596.0,90676.0,92156.0,110424.0
2018,강원특별자치도,1533013.0,1533.013,49092745.0,23.51,0.0,143475.0,639277.0,59477.0,3207049.0,19.0,215.0,1800.0,19825.0,100643.0,82242.0,73190.0,95467.0
2018,경기도,12861428.0,12861.428,502061943.0,61.94,0.0,909032.0,5174364.0,1317605.0,3550712.0,80.0,537.0,4639.0,145808.0,801875.0,834485.0,807838.0,1063315.0
2018,경상남도,3356947.0,3356.947,114922033.0,37.71,0.0,281685.0,1388302.0,409762.0,3396737.0,24.0,207.0,1948.0,33236.0,188367.0,174382.0,180466.0,251613.0
2018,경상북도,2666723.0,2666.723,115378926.0,26.15,0.0,232030.0,1117782.0,320706.0,3520898.0,38.0,201.0,1259.0,31462.0,157817.0,134703.0,134411.0,175787.0
2018,광주광역시,1452471.5,1452.4715,42560850.0,43.76,0.0,119617.0,616265.0,86109.0,3177872.0,18.0,63.0,1524.0,21324.0,113013.0,94546.0,85190.0,114352.0
2018,대구광역시,2449528.5,2449.5285,60778388.0,47.57,0.0,210547.0,967206.0,176508.0,2962738.0,13.0,80.0,2222.0,29340.0,166310.0,153809.0,133980.0,175863.0
2018,대전광역시,1485382.0,1485.382,42410316.0,47.05,0.0,117557.0,618271.0,61879.0,3519385.0,20.0,55.0,1284.0,24502.0,121799.0,105447.0,92226.0,112989.0
2018,부산광역시,3418068.5,3418.0685,96494588.0,52.35,0.0,288860.0,1442115.0,216091.0,3221296.0,24.0,107.0,2812.0,40353.0,223664.0,213372.0,188522.0,247250.0
2018,서울특별시,9642857.0,9642.857,451385832.0,79.17,0.0,823385.0,5210936.0,266500.0,4065263.0,88.0,399.0,14093.0,106752.0,645569.0,755906.0,696267.0,772520.0
2018,세종특별자치시,296050.5,296.0505,12433506.0,57.09,0.0,15871.0,115585.0,20248.0,3535614.5,4.0,19.0,147.0,3910.0,18767.0,17656.0,22828.0,32963.0
2018,울산광역시,1154181.5,1154.1815,75961335.0,59.92,0.0,85662.0,527085.0,175990.0,4312634.0,6.0,43.0,811.0,11227.0,70594.0,72681.0,70161.0,93593.0
2018,인천광역시,2922973.5,2922.9735,93031135.0,60.34,0.0,202493.0,1070454.0,247361.0,3312814.0,10.0,104.0,1528.0,31715.0,183634.0,199068.0,182629.0,235177.0
2018,전국,51300879.5,51300.8795,,,,,,,,,,,597933.0,3290233.0,3259284.0,3080835.0,3915428.0
2018,전라남도,1877082.0,1877.082,79193518.0,19.81,0.0,156914.0,733925.0,117989.0,3696074.0,19.0,206.0,1274.0,17646.0,94154.0,79527.0,80139.0,110994.0
2018,전북특별자치도,1833762.0,1833.762,53437977.0,21.52,0.0,151011.0,694669.0,115285.0,3293434.0,21.0,158.0,1706.0,22998.0,120249.0,93335.0,86260.0,114323.0
2018,제주특별자치도,656673.5,656.6735,22040507.0,34.52,0.0,62871.0,276942.0,12081.0,2767497.0,4.0,135.0,868.0,6516.0,36904.0,35763.0,34726.0,49481.0
2018,충청남도,2107223.5,2107.2235,122192547.0,34.45,0.0,172242.0,928259.0,293530.0,3679557.0,24.0,166.0,1114.0,29415.0,136454.0,118697.0,123349.0,158758.0
2018,충청북도,1586514.5,1586.5145,74435481.0,29.61,0.0,129920.0,713339.0,208750.0,3426880.0,18.0,130.0,882.0,21904.0,110420.0,93665.0,88653.0,110983.0
2019,강원특별자치도,1528655.5,1528.6555,51349811.0,23.49,0.0,146815.0,670247.0,61976.0,3292836.0,19.0,232.0,881.0,19839.0,97721.0,82877.0,72207.0,92272.0
2019,경기도,13043732.0,13043.732,504950695.0,60.54,0.0,934349.0,5302740.0,1321095.0,3698529.0,80.0,567.0,3522.0,151192.0,786388.0,868553.0,810656.0,1044396.0
2019,경상남도,3348258.0,3348.258,118443865.0,33.43,0.0,286752.0,1427443.0,412713.0,3580582.0,24.0,221.0,1667.0,33355.0,180758.0,175434.0,173220.0,241872.0
2019,경상북도,2653915.5,2653.9155,113784086.0,24.94,0.0,236807.0,1150047.0,319306.0,3699749.0,38.0,211.0,1635.0,32505.0,151471.0,135033.0,129210.0,169249.0
2019,광주광역시,1448843.0,1448.843,44387597.0,40.79,0.0,123706.0,631876.0,85858.0,3278027.0,18.0,72.0,902.0,22251.0,111384.0,98608.0,82165.0,109729.0
2019,대구광역시,2431140.0,2431.14,62510363.0,45.88,0.0,210944.0,967934.0,174311.0,3093806.0,13.0,89.0,2062.0,30928.0,161473.0,155216.0,131908.0,167704.0
2019,대전광역시,1471769.5,1471.7695,44901333.0,43.85,0.0,119628.0,633418.0,63480.0,3601728.0,20.0,62.0,1001.0,24724.0,118844.0,107362.0,89567.0,107673.0
2019,부산광역시,3390159.5,3390.1595,99530641.0,50.01,0.0,290357.0,1465433.0,214649.0,3315194.0,24.0,124.0,1856.0,41078.0,214191.0,215018.0,183285.0,235580.0
2019,서울특별시,9578974.5,9578.9745,465940680.0,76.48,0.0,823624.0,5226997.0,265273.0,4226102.0,88.0,410.0,12533.0,110312.0,630814.0,777456.0,685989.0,745331.0
2019,세종특별자치시,326244.5,326.2445,13373529.0,62.12,0.0,18041.0,125410.0,20555.0,3637224.3,4.0,22.0,155.0,3573.0,19491.0,19449.0,24383.0,34602.0
2019,울산광역시,1145705.0,1145.705,75031057.0,53.67,0.0,87054.0,533187.0,177173.0,4353358.0,6.0,46.0,635.0,11492.0,67440.0,72073.0,67734.0,89874.0
2019,인천광역시,2927320.0,2927.32,95272174.0,57.65,0.0,206244.0,1092494.0,244352.0,3390920.0,10.0,115.0,1131.0,32563.0,178713.0,204276.0,179654.0,226943.0
2019,전국,51337423.5,51337.4235,,,,,,,,,,,614731.0,3203741.0,3343423.0,3029678.0,3791256.0
2019,전라남도,1863279.0,1863.279,79853688.0,19.07,0.0,161883.0,774294.0,122103.0,3731288.0,19.0,222.0,814.0,18139.0,92121.0,83292.0,76911.0,106345.0
2019,전북특별자치도,1816000.5,1816.0005,55083789.0,20.42,0.0,154082.0,720052.0,117056.0,3381091.0,21.0,174.0,1114.0,23578.0,115976.0,95285.0,82318.0,109269.0
2019,제주특별자치도,663488.5,663.4885,22267086.0,33.01,0.0,66098.0,286304.0,12373.0,2889103.0,4.0,138.0,647.0,6749.0,35730.0,37483.0,33707.0,48208.0
2019,충청남도,2110584.0,2110.584,120090285.0,33.04,0.0,176643.0,973944.0,299436.0,3778330.0,24.0,176.0,749.0,30159.0,133469.0,119097.0,119934.0,153827.0
2019,충청북도,1589354.5,1589.3545,76210571.0,28.74,0.0,133522.0,741452.0,212108.0,3482279.0,18.0,136.0,620.0,22294.0,107757.0,96911.0,86830.0,108382.0
2020,강원특별자치도,1528690.0,1528.69,51573015.0,25.75,1.0,193074.0,704983.0,63725.0,3237625.0,18.0,235.0,530.0,17077.0,95232.0,84339.0,72513.0,87830.0
2020,경기도,13220207.0,13220.207,523161883.0,58.62,1.0,1455644.0,5886850.0,1382830.0,3791519.0,80.0,569.0,1724.0,146879.0,808894.0,904805.0,824564.0,1007461.0
2020,경상남도,3332034.0,3332.034,114653976.0,34.3,1.0,387177.0,1494560.0,413775.0,3537600.0,24.0,228.0,702.0,31191.0,179537.0,176865.0,167446.0,223838.0
2020,경상북도,2635767.0,2635.767,112072885.0,27.13,1.0,321061.0,1225829.0,320531.0,3703867.0,38.0,220.0,654.0,27950.0,147069.0,134586.0,125324.0,157660.0
2020,광주광역시,1444467.0,1444.467,45603430.0,41.07,1.0,170085.0,667435.0,88160.0,3272846.0,18.0,74.0,603.0,18908.0,108360.0,101494.0,81265.0,102632.0
2020,대구광역시,2410205.5,2410.2055,62597844.0,45.45,1.0,283033.0,1010557.0,173382.0,3148054.0,13.0,92.0,1039.0,28341.0,159127.0,156979.0,131598.0,155831.0
2020,대전광역시,1459158.5,1459.1585,46659399.0,41.43,1.0,164406.0,691264.0,67835.0,3526414.0,20.0,62.0,461.0,22736.0,118916.0,109481.0,89214.0,101066.0
2020,부산광역시,3366576.5,3366.5765,98225367.0,49.16,1.0,402003.0,1537281.0,216869.0,3382497.0,24.0,131.0,1003.0,35874.0,208516.0,217205.0,183399.0,219837.0
2020,서울특별시,9533412.0,9533.412,472863219.0,76.08,1.0,1211053.0,5868926.0,284356.0,4177937.0,88.0,429.0,5539.0,100129.0,625922.0,795700.0,692702.0,711638.0
2020,세종특별자치시,347069.5,347.0695,14005902.0,59.31,1.0,28490.0,139731.0,20429.0,3755869.0,4.0,23.0,81.0,4190.0,20512.0,19927.0,24887.0,34059.0
2020,울산광역시,1136113.5,1136.1135,67807980.0,51.56,1.0,117247.0,543424.0,175733.0,4165556.0,6.0,47.0,342.0,10535.0,65714.0,71870.0,66456.0,83173.0
2020,인천광역시,2922121.0,2922.121,95297255.0,54.02,1.0,306108.0,1208269.0,253606.0,3442684.0,10.0,120.0,467.0,29784.0,176352.0,206715.0,178600.0,212499.0
2020,전국,51349259.0,51349.259,,,,,,,,,,,563850.0,3193316.0,3423231.0,3032832.0,3594213.0
2020,전라남도,1847811.0,1847.811,81298601.0,23.25,1.0,228219.0,847692.0,125923.0,3660743.0,19.0,228.0,429.0,16377.0,92307.0,86664.0,75955.0,100239.0
2020,전북특별자치도,1799898.5,1799.8985,56361767.0,24.86,1.0,225964.0,794929.0,120948.0,3326867.0,21.0,180.0,868.0,21852.0,115947.0,97122.0,81111.0,102185.0
2020,제주특별자치도,667268.5,667.2685,21668785.0,32.89,1.0,94001.0,318891.0,13851.0,2890236.0,4.0,135.0,272.0,6291.0,36772.0,38934.0,33811.0,45994.0
2020,충청남도,2108087.5,2108.0875,122866948.0,34.38,1.0,253192.0,1064810.0,314229.0,3747802.0,24.0,176.0,358.0,25265.0,127916.0,119515.0,117222.0,144801.0
2020,충청북도,1590372.0,1590.372,75771650.0,30.07,1.0,191265.0,808018.0,224247.0,3512114.0,18.0,138.0,396.0,20471.0,106223.0,101030.0,86765.0,103470.0
2021,강원특별자치도,1530536.5,1530.5365,55267031.0,24.52,1.0,200365.0,714310.0,64204.0,3353549.0,18.0,241.0,881.0,15130.0,91223.0,84751.0,73709.0,83438.0
2021,경기도,13398945.0,13398.945,563385809.0,57.29,1.0,1481054.0,5994570.0,1373285.0,3938130.0,80.0,591.0,3522.0,126386.0,787648.0,920787.0,856307.0,969980.0
2021,경상남도,3311248.5,3311.2485,118229847.0,33.47,1.0,392614.0,1511931.0,406186.0,3744367.0,23.0,228.0,1667.0,26955.0,168540.0,174945.0,165058.0,206836.0
2021,경상북도,2619827.5,2619.8275,118718919.0,24.93,1.0,328657.0,1234314.0,315862.0,3882801.0,38.0,221.0,1635.0,25130.0,141802.0,134123.0,124380.0,148098.0
2021,광주광역시,1438867.5,1438.8675,47377153.0,40.85,1.0,170973.0,676261.0,87325.0,3458315.0,18.0,74.0,902.0,17327.0,106097.0,103700.0,82747.0,96670.0
2021,대구광역시,2387449.5,2387.4495,66531828.0,44.65,1.0,279798.0,1004563.0,169828.0,3313281.0,13.0,95.0,2062.0,24118.0,152109.0,156459.0,132616.0,145701.0
2021,대전광역시,1449628.0,1449.628,48803055.0,39.85,1.0,164095.0,688457.0,67179.0,3641586.0,20.0,63.0,1001.0,20146.0,115568.0,110698.0,90640.0,95114.0
2021,부산광역시,3343353.0,3343.353,106510275.0,46.06,1.0,401254.0,1544504.0,213028.0,3563487.0,23.0,139.0,1856.0,30565.0,199849.0,216226.0,186247.0,204935.0
2021,서울특별시,9453878.0,9453.878,507460707.0,75.59,1.0,1188091.0,5771226.0,267489.0,4451538.0,88.0,435.0,12533.0,87844.0,599600.0,795367.0,699372.0,673812.0
2021,세종특별자치시,362921.5,362.9215,15455438.0,58.76,1.0,30478.0,152974.0,21081.0,3845965.0,4.0,24.0,155.0,3599.0,18836.0,20285.0,25605.0,33387.0
2021,울산광역시,1124040.5,1124.0405,79762196.0,49.57,1.0,115408.0,543984.0,177408.0,4330712.0,6.0,44.0,635.0,9001.0,60707.0,70754.0,65838.0,76733.0
2021,인천광역시,2921874.5,2921.8745,104386038.0,50.33,1.0,308892.0,1223448.0,250357.0,3611547.0,10.0,126.0,1131.0,26579.0,168369.0,206383.0,184385.0,202693.0
2021,전국,51333252.5,51333.2525,,,,,,,,,,,490609.0,3066118.0,3439492.0,3080905.0,3408007.0
2021,전라남도,1833020.5,1833.0205,93701706.0,22.21,1.0,234688.0,856478.0,126107.0,3803956.0,19.0,230.0,814.0,13902.0,87062.0,87269.0,75116.0,94367.0
2021,전북특별자치도,1786321.5,1786.3215,59431746.0,23.08,1.0,231380.0,791096.0,121697.0,3372498.0,20.0,180.0,1114.0,19060.0,110932.0,98188.0,80983.0,96120.0
2021,제주특별자치도,670992.5,670.9925,22757094.0,32.66,1.0,96131.0,323316.0,13819.0,3073063.0,4.0,130.0,647.0,5372.0,34893.0,39493.0,34757.0,43494.0
2021,충청남도,2109102.0,2109.102,135882266.0,32.33,1.0,261263.0,1082844.0,318380.0,4051811.0,24.0,183.0,749.0,22599.0,123739.0,119588.0,115955.0,137511.0
2021,충청북도,1591246.0,1591.246,80518621.0,28.33,1.0,194561.0,817324.0,224302.0,3565888.0,18.0,141.0,620.0,16896.0,99144.0,100476.0,87190.0,99118.0
2022,강원특별자치도,1531310.5,1531.3105,57723494.0,24.69,1.0,203375.0,727557.0,64520.0,3467718.0,18.0,246.0,1020.0,14820.0,87750.0,84742.0,76667.0,78664.0
2022,경기도,13503168.5,13503.1685,587328570.0,61.57,1.0,1514951.0,6103213.0,1387627.0,4027984.0,80.0,609.0,4274.0,121066.0,739484.0,908543.0,891285.0,920405.0
2022,경상남도,3285522.5,3285.5225,126917220.0,32.78,1.0,397699.0,1529668.0,412666.0,3894262.0,23.0,235.0,2244.0,25018.0,155461.0,168933.0,164963.0,189669.0
2022,경상북도,2604744.5,2604.7445,121411361.0,25.58,1.0,333276.0,1255587.0,325945.0,3954228.0,38.0,232.0,1467.0,23307.0,133295.0,130916.0,124449.0,137252.0
2022,광주광역시,1431266.5,1431.2665,49223290.0,41.14,1.0,170894.0,675251.0,88914.0,3599321.0,18.0,78.0,1579.0,17143.0,100201.0,102787.0,86080.0,89444.0
2022,대구광역시,2364488.0,2364.488,70327334.0,47.89,1.0,279223.0,1014987.0,169297.0,3426293.0,13.0,95.0,2345.0,23675.0,139971.0,151670.0,136847.0,136438.0
2022,대전광역시,1442984.5,1442.9845,50666636.0,42.4,1.0,164664.0,695570.0,69175.0,3810834.0,20.0,61.0,1481.0,19734.0,108284.0,110202.0,93926.0,89837.0
2022,부산광역시,3316707.0,3316.707,113844056.0,46.9,1.0,400565.0,1554664.0,210883.0,3638757.0,23.0,143.0,2926.0,29653.0,184910.0,208529.0,192116.0,191196.0
2022,서울특별시,9378610.0,9378.61,528484481.0,76.31,1.0,1180025.0,5795417.0,261088.0,4555258.0,88.0,449.0,15377.0,84718.0,565833.0,785912.0,720569.0,640145.0
2022,세종특별자치시,376991.0,376.991,16055841.0,56.9,1.0,33076.0,158168.0,22513.0,3983956.0,4.0,26.0,273.0,4558.0,20585.0,20732.0,26610.0,32459.0
2022,울산광역시,1112600.0,1112.6,84886776.0,48.74,1.0,115784.0,547780.0,176701.0,4532594.0,6.0,46.0,719.0,8458.0,54844.0,68565.0,66420.0,70859.0
2022,인천광역시,2939962.0,2939.962,113253070.0,52.77,1.0,317133.0,1250203.0,252668.0,3698625.0,10.0,127.0,1349.0,26438.0,158558.0,203164.0,196346.0,194322.0
2022,전국,51259149.5,51259.1495,,,,,,,,,,,473234.0,2879013.0,3384426.0,3179338.0,3210198.0
2022,전라남도,1820069.0,1820.069,96168598.0,24.24,1.0,236470.0,862357.0,128548.0,3866030.0,19.0,244.0,947.0,12569.0,80610.0,87050.0,76797.0,86917.0
2022,전북특별자치도,1772150.5,1772.1505,61285279.0,23.76,1.0,232695.0,795273.0,123074.0,3526045.0,20.0,191.0,1612.0,17809.0,103959.0,96505.0,82598.0,89067.0
2022,제주특별자치도,673714.0,673.714,24282333.0,32.72,1.0,96334.0,320419.0,13561.0,3216325.0,4.0,131.0,991.0,5343.0,32757.0,38912.0,36160.0,40779.0
2022,충청남도,2113857.5,2113.8575,140928250.0,33.05,1.0,266577.0,1092389.0,315551.0,4009848.0,24.0,193.0,1017.0,23300.0,121223.0,117652.0,117586.0,129570.0
2022,충청북도,1591003.5,1591.0035,84809085.0,30.24,1.0,197158.0,838620.0,231173.0,3737019.0,18.0,142.0,911.0,15625.0,91288.0,99612.0,89919.0,93175.0
2023,강원특별자치도,1526763.0,1526.763,62160748.0,25.42,1.0,209314.0,738221.0,63456.0,3555080.0,18.0,247.0,1580.0,14769.0,82793.0,83323.0,78642.0,75102.0
2023,경기도,13545542.5,13545.5425,594735127.0,60.5,1.0,1562116.0,6187581.0,1357108.0,4158552.0,78.0,622.0,5028.0,119452.0,695712.0,890257.0,920556.0,888943.0
2023,경상남도,3255461.0,3255.461,139276635.0,33.67,1.0,399164.0,1547788.0,413205.0,3940613.0,23.0,233.0,2517.0,23525.0,141817.0,162056.0,166018.0,175741.0
2023,경상북도,2558213.5,2558.2135,127412315.0,25.34,1.0,336555.0,1263352.0,320444.0,3959529.0,38.0,224.0,1496.0,22756.0,123412.0,126311.0,124782.0,128072.0
2023,광주광역시,1420562.0,1420.562,51423328.0,42.32,1.0,173424.0,678748.0,82335.0,3731141.0,18.0,88.0,1657.0,15676.0,93074.0,100403.0,88623.0,83471.0
2023,대구광역시,2372562.0,2372.562,72359049.0,47.38,1.0,285388.0,1028785.0,164964.0,3588057.0,13.0,102.0,2569.0,22331.0,131101.0,146714.0,142239.0,131156.0
2023,대전광역시,1438846.0,1438.846,53317422.0,42.32,1.0,167782.0,709610.0,66422.0,3886943.0,20.0,62.0,1421.0,19230.0,103006.0,108881.0,96885.0,86500.0
2023,부산광역시,3291326.0,3291.326,116365537.0,45.96,1.0,401008.0,1555085.0,205191.0,3772199.0,23.0,144.0,3047.0,29200.0,174252.0,200255.0,196433.0,181660.0
2023,서울특별시,9334933.5,9334.9335,553011544.0,75.37,1.0,1177287.0,5800617.0,241919.0,4784452.0,88.0,469.0,15548.0,84916.0,542883.0,775262.0,743207.0,619843.0
2023,세종특별자치시,384276.5,384.2765,16740013.0,57.19,1.0,34099.0,163650.0,23411.0,4096606.0,4.0,26.0,437.0,4319.0,20280.0,20100.0,26435.0,31107.0
2023,울산광역시,1103825.0,1103.825,89412238.0,49.81,1.0,116666.0,551628.0,171192.0,4716772.0,6.0,50.0,685.0,8051.0,49978.0,66163.0,67487.0,66381.0
2023,인천광역시,2966979.0,2966.979,117658396.0,52.43,1.0,322297.0,1258759.0,246065.0,3798573.0,10.0,132.0,1712.0,25335.0,148494.0,197336.0,206667.0,190817.0
2023,전국,51145884.5,51145.8845,,,,,,,,,,,463895.0,2715480.0,3310331.0,3273995.0,3076302.0
2023,전라남도,1806802.0,1806.802,98793381.0,23.86,1.0,243020.0,888352.0,129241.0,3956912.0,19.0,240.0,1408.0,12003.0,74844.0,86258.0,79953.0,81646.0
2023,전북특별자치도,1757041.0,1757.041,63751865.0,23.81,1.0,239757.0,799091.0,120105.0,3595663.0,20.0,188.0,1901.0,17096.0,97500.0,95258.0,84470.0,83756.0
2023,제주특별자치도,673099.0,673.099,26094554.0,33.32,1.0,99122.0,328773.0,12966.0,3362104.0,4.0,126.0,1170.0,4955.0,30397.0,37359.0,37639.0,37921.0
2023,충청남도,2119950.5,2119.9505,141759598.0,33.62,1.0,276134.0,1100749.0,311475.0,4028341.0,24.0,199.0,1549.0,23639.0,114831.0,116044.0,120101.0,124502.0
2023,충청북도,1589702.0,1589.702,87591806.0,32.1,1.0,203356.0,845108.0,227470.0,3836045.0,18.0,142.0,1176.0,16642.0,91106.0,98351.0,93858.0,89684.0
2024,강원특별자치도,1517359.5,1517.3595,64615611.0,25.22,1.0,214203.0,751263.0,62173.0,3659521.0,17.0,247.0,1767.0,13490.0,77733.0,80537.0,80115.0,73641.0
2024,경기도,13598221.5,13598.2215,651417234.0,55.09,1.0,1604724.0,6269495.0,1360933.0,4401527.0,78.0,622.0,5453.0,111011.0,663835.0,871011.0,948550.0,882511.0
2024,경상남도,3229883.0,3229.883,151241350.0,33.63,1.0,403774.0,1557690.0,412477.0,4113065.0,21.0,233.0,2743.0,21188.0,131838.0,156211.0,167753.0,168782.0
2024,경상북도,2535499.0,2535.499,134698401.0,24.56,1.0,344568.0,1283224.0,317918.0,4175761.0,37.0,224.0,1433.0,20579.0,115516.0,122422.0,125646.0,123466.0
2024,광주광역시,1409318.0,1409.318,54836685.0,40.72,1.0,175238.0,673601.0,80250.0,3760465.0,18.0,88.0,1510.0,14346.0,87321.0,96776.0,91032.0,79743.0
2024,대구광역시,2361081.5,2361.0815,74524312.0,44.34,1.0,286841.0,1021246.0,159551.0,3740567.0,13.0,102.0,2708.0,20255.0,123013.0,140254.0,144552.0,130333.0
2024,대전광역시,1435455.0,1435.455,56299352.0,41.66,1.0,172209.0,706075.0,66618.0,3983909.0,20.0,62.0,1551.0,17871.0,98569.0,106488.0,100001.0,85607.0
2024,부산광역시,3266012.0,3266.012,121066923.0,45.13,1.0,402419.0,1563954.0,210397.0,3905955.0,24.0,144.0,3087.0,26785.0,164242.0,190546.0,197837.0,177548.0
2024,서울특별시,9288119.0,9288.119,575035349.0,73.95,1.0,1176066.0,5772456.0,237097.0,4935566.0,89.0,469.0,16741.0,77799.0,522594.0,752512.0,760553.0,613572.0
2024,세종특별자치시,387775.5,387.7755,17360795.0,57.53,1.0,36117.0,172001.0,24037.0,4331934.0,4.0,26.0,424.0,4103.0,20033.0,19442.0,26670.0,30234.0
2024,울산광역시,1097533.0,1097.533,93956099.0,46.25,1.0,116775.0,568107.0,180998.0,4837019.0,6.0,50.0,685.0,7478.0,47095.0,64459.0,68312.0,64619.0
2024,인천광역시,2993657.5,2993.6575,125591891.0,49.6,1.0,328929.0,1271660.0,242091.0,3981929.0,10.0,132.0,1841.0,23383.0,142028.0,191697.0,214179.0,192374.0
2024,전국,51037252.5,51037.2525,,,,,,,,,,,425636.0,2579629.0,3214861.0,3353696.0,3028361.0
2024,전라남도,1792325.0,1792.325,103970897.0,24.4,1.0,253206.0,899604.0,128939.0,4034870.0,19.0,240.0,1438.0,10266.0,69515.0,84588.0,82877.0,78696.0
2024,전북특별자치도,1741636.0,1741.636,66792381.0,23.51,1.0,252411.0,817157.0,119854.0,3736595.0,20.0,188.0,1839.0,15725.0,90731.0,91785.0,86910.0,80797.0
2024,제주특별자치도,669051.0,669.051,26928491.0,34.01,1.0,100168.0,330702.0,12905.0,3501134.0,4.0,126.0,1053.0,4473.0,28706.0,35505.0,38543.0,36387.0
2024,충청남도,2126611.5,2126.6115,150681268.0,32.35,1.0,287424.0,1121335.0,314597.0,4680157.0,24.0,199.0,1832.0,21621.0,111087.0,115597.0,122834.0,122517.0
2024,충청북도,1587714.5,1587.7145,91794456.0,30.43,1.0,208190.0,861910.0,228821.0,3956021.0,18.0,142.0,1313.0,15263.0,85773.0,95031.0,97332.0,87534.0
2025,강원특별자치도,,,,25.72,,,,,3791133.0,17.0,,,,,,,
2025,경기도,,,,55.72,,,,,4567303.0,78.0,,,,,,,
2025,경상남도,,,,34.3,,,,,4260901.0,21.0,,,,,,,
2025,경상북도,,,,24.35,,,,,4352224.0,36.0,,,,,,,
2025,광주광역시,,,,39.75,,,,,3803788.0,18.0,,,,,,,
2025,대구광역시,,,,41.91,,,,,3896682.0,13.0,,,,,,,
2025,대전광역시,,,,41.06,,,,,4110608.0,20.0,,,,,,,
2025,부산광역시,,,,42.73,,,,,4051622.0,24.0,,,,,,,
2025,서울특별시,,,,73.62,,,,,5135557.0,89.0,,,,,,,
2025,세종특별자치시,,,,54.3,,,,,4413048.0,4.0,,,,,,,
2025,울산광역시,,,,46.07,,,,,5044661.0,6.0,,,,,,,
2025,인천광역시,,,,49.17,,,,,4228879.0,10.0,,,,,,,
2025,전라남도,,,,23.66,,,,,4250496.0,19.0,,,,,,,
2025,전북특별자치도,,,,23.64,,,,,3815150.0,20.0,,,,,,,
2025,제주특별자치도,,,,33.07,,,,,3575691.0,4.0,,,,,,,
2025,충청남도,,,,32.22,,,,,4812230.0,24.0,,,,,,,
2025,충청북도,,,,31.83,,,,,4068182.0,18.0,,,,,,,
